ID,Yield
ID_F9XXEXN2ADR2,579.5434109744032
ID_SO3VW2X4QO93,438.014422924433
ID_UKUQ7JM8E894,531.4135013243972
ID_QUISMWEZR2H4,327.06220472788266
ID_25JGI455VKCZ,607.1164490167163
ID_KQEAOXF3RPV6,347.4657587398666
ID_FSNZCPW9HTD2,644.2827227619618
ID_U2TOPOA0T40S,342.5571284102022
ID_XVQLSUKOT04J,783.4736065518639
ID_EAZAU6IW58PK,214.15545066970157
ID_WI17R25TC2VU,316.36055174614455
ID_OPR9MJWG40U7,830.2997290329938
ID_P9K9GAHC6FX6,551.2123054665781
ID_SCAOUCCTJ75Z,210.11435589235555
ID_MUP1OS8GZR5E,596.4906120747806
ID_WVBSZ9VBC9HE,561.8511648224309
ID_9MGH1WIKFBNB,446.9120766084295
ID_3M2O3EPOM18C,1136.1171782677732
ID_K9MOR4N1FWIB,444.13766502323733
ID_VJPUPMSQARO5,921.0635223873829
ID_7WIMK3DXIU3Q,809.5883236659703
ID_6QXVH0EUS60J,725.4092429121752
ID_CA9GH6Q53A1Q,292.30359078069785
ID_94KO4EQ6TA3S,317.76228264598416
ID_2WH3AXUWRS2A,325.7823100107293
ID_LBS8TBC6QEF1,343.38688400112477
ID_Y3YARETW8RAP,709.3232215091132
ID_BY9JJAIKBRGP,350.7921458101937
ID_0U5AM482W1DE,442.8738562588452
ID_G0I28ORJC3OP,408.82377612423033
ID_Q34ED4EMSA3R,577.7311546187381
ID_LN3LXEG984XM,547.5382648094908
ID_0JTIPPYRJND0,565.02834620186
ID_2MRD9I2X8UXB,267.041979700526
ID_KH1FHLUW2T4X,309.34345678670354
ID_RFM5MWSIU1JX,329.6654746707503
ID_IAH2UTMDVU8F,285.00507027836954
ID_9SNP46T1GSJI,536.6313804081148
ID_DSQ9ISYFW4DB,410.73186488529655
ID_B8XYLC3NM6XD,180.27012260884212
ID_HOG9LK4CTN8K,403.7701039581782
ID_L3RTRS1QIY6D,340.7319739771143
ID_03QW4RBYQEBK,357.33320895987725
ID_ZJSYN3ZHXK5K,608.2174365086117
ID_UPRM76SZ7IJJ,613.6334247566296
ID_YB866N9RY5TU,472.19789794399645
ID_4H0KNHPKF9BK,249.53630960412053
ID_TOIT03A3WTTD,317.3424131158972
ID_4P7NKCB6LMJ5,233.25831331500243
ID_1TIMGZJLRLWF,520.6722344862306
ID_25E6065LQDON,551.089904565717
ID_SOB9B3H12POE,547.869874726308
ID_A8RF0GQGJF5H,674.5099265825611
ID_GT36LGF8SM8K,437.8287145656221
ID_E9OHGDA3U6DG,417.13685356264835
ID_HXWHLMRE99CE,725.3983224594567
ID_3VL9DLFRG5A3,351.50063793516574
ID_OKPI3DR2ZQPJ,363.0481641650484
ID_XZO6ECCAOC94,719.4953370495859
ID_4X2UWYR6RIE2,504.05663020068164
ID_1LVAHN6PZYBS,617.8930690575748
ID_HRAJFKTPCNWQ,1064.2008385703657
ID_TK4H5NRKHOE8,339.64055822787134
ID_9U0UBT1J8152,318.6436459780233
ID_3EUKVYT37JOP,299.40874074611696
ID_1499QWPPW755,435.12986020464115
ID_ULWP3J0G860C,331.9940839611876
ID_51FSB3P7RO7F,542.8110318129992
ID_FHMVP6OM4GDX,1054.1887199451983
ID_2OICAUFVUF5S,294.5687506949437
ID_ZGCFHIHAIC5U,416.07130346948696
ID_SR592R346POT,777.9822999830162
ID_IW7UUDAW8LI0,433.35681852018945
ID_UNWZCF6L3JHJ,370.6193993858096
ID_Z4FXX0BNPHCO,407.7986569594166
ID_T18YB26T1R72,599.9585110738074
ID_LXZWOINVI194,564.8891414379079
ID_QNQJS14C9JJR,1089.673676874879
ID_NTPIQUV3J2G6,538.4514326445925
ID_PVQOEEDTISZ0,159.26622946715776
ID_PNB65ASGG3U5,400.91856749459737
ID_KWPXATBZDX9T,447.6214544241309
ID_0G0F9TOR4IMI,852.2497928057527
ID_FVLMABW5Y6X2,722.8497020148875
ID_O2PL38IY50T5,489.2620967153758
ID_CNG8Z00FPPMP,571.4682834284007
ID_641DSHBH8JAF,804.391026678351
ID_Y14QXUKOFJ4H,332.6571246362886
ID_DRP3WZV4BNIE,570.8198881253238
ID_TMXV7UW39T80,313.9954758024023
ID_0L8O49SS6MQM,474.8403039668473
ID_UGTG0XQELY2U,430.5410102458596
ID_0YZYA9AXL9Z2,341.16897746747003
ID_KNOK4V0IWVUO,276.0918372187945
ID_YX4DF17Z25RV,417.51058343865395
ID_2YAZXP3AEDVO,331.8108927625158
ID_YNACZPCVVI09,1044.9185054312052
ID_75GYXJW1DYGX,311.23854644868527
ID_YRCMJRFRTU2K,808.9594231701402
ID_1L4WBTHTDQMP,611.5677714742478
ID_RO0XF0TFLRG6,505.3114234756431
ID_NJ7G0SAVDN1Q,371.99295845733906
ID_UFPM6MLG1BJK,134.45411531198536
ID_ULY51B6WQ9FV,581.6346959136692
ID_CR6L4TL2VEEM,302.27021083438933
ID_4YRSPS7X1V7Q,382.4807365425896
ID_ILQ5YE78E0SD,311.893649842955
ID_WDNXY8YRA10N,345.2617346993527
ID_WYK6LRWQ21ML,327.16918223937785
ID_EBA4QUGDXB5I,959.3050508800206
ID_2WCWAKQKRA74,549.7461879923009
ID_FTSIEXKUER9Y,320.5534454404434
ID_64BCOW7PEP3E,275.63092462498344
ID_0N5TFB55JBOB,776.1288539119834
ID_9AE1OJ45UFJ3,474.64994976616225
ID_NJWAR6L7X4Q6,566.6261787309987
ID_W8U6J9PKGGGI,367.9992576816459
ID_WJUUIJMPNLHW,526.5121334451593
ID_S7F4L5OW7OKD,598.0291305203117
ID_Y0OX05BLLQPI,331.5370711883477
ID_XJ7ULGKCALNF,492.6843094010818
ID_8NU1PZBDI5C7,709.4800923042781
ID_CPPN31R20CBA,660.2122085323948
ID_D20Z6VEJBE6K,159.26622946715776
ID_N6RSTF2IR5GL,452.2173708363655
ID_DJBLGDPMS85M,144.89642082716668
ID_34J19EEKSSHY,586.1381718130912
ID_P8MQS1ERUQ9F,296.35034952497085
ID_U07HHH2EG6K1,663.803190687347
ID_IKAOSO0CFKYZ,281.98411762878686
ID_NHQ2WMFGNBS1,340.7916658843171
ID_FRJ3P7XDG7OV,409.65476222485995
ID_5N0W8ZFFAIQX,457.76731813873545
ID_OFSHZ2KZ1LQ4,144.89642082716668
ID_A6C1G6XUATUE,240.9636120707364
ID_N99MP1180BJ5,322.55516409146946
ID_D5F8SLVPMZKE,291.97575629754317
ID_49QTISSSNQ0M,527.2439969929908
ID_S1WHDBHNKLYO,325.476221183034
ID_9YE4VBW3W1WJ,310.4778776443696
ID_7SWZRG2B52YI,311.2241166275496
ID_41XNQZ8M4QXH,385.7970374878653
ID_SIB0PJZQMRBO,356.31208941603046
ID_M47IW492SXOP,280.78535694349716
ID_MTUJW5V02DWQ,537.2416753105781
ID_Y108HSDX00WC,759.8202437003979
ID_QRD8JCO8QWCF,226.98262032141025
ID_RIP1ZN0ST7I3,162.8435688309237
ID_BPS356NV28J7,671.2292102272697
ID_0KANA1KYEQKW,221.35590613414723
ID_80MMCWDS27VC,500.5637771839444
ID_CH1WWOXBV7L8,354.4318865253446
ID_PM7YZSDTN1OI,480.95743266166716
ID_FR4XH94DJW50,504.29626122980744
ID_D1IDORABBOBP,488.1122434275006
ID_0BE8BMWG3A68,437.35357314681806
ID_RY2QD5TLB4US,376.11212866674765
ID_S8D99RRNCOMC,868.404613376629
ID_YZLW773BTIA3,356.37967673582955
ID_FL8VHWG97QTI,741.3927389519246
ID_JVLT86OR9T15,527.6202403374205
ID_NBSTAXAZ24X0,824.6827519968004
ID_43VRMQQ5E60F,269.63461382841473
ID_HI4ACMU7M13J,446.1174148705166
ID_UI96L3AE8YXY,603.9718769661087
ID_UXRI6OXKF50S,670.7830942463662
ID_FW06NS2YA7QW,387.94934547679253
ID_RA5OO0JVNOUF,569.3446568780429
ID_EVGU94YQTZWM,268.0248838555547
ID_GHANLFEJN9UW,293.30971976178813
ID_HXBFX8X2DD7B,742.7558762155486
ID_KUNLQSF5FM19,413.1272589021963
ID_7XXH76413XNT,585.3368018385611
ID_D58TIQKQLU7Q,349.4299194129045
ID_W5CLRPVGFRKH,486.55577065911024
ID_A3Y0OIB0BE59,387.3208759846771
ID_C74NLELOCNTS,1038.8005399225465
ID_2FIGN89QV44C,215.3700454468945
ID_QN4PJSV2CGSJ,338.3892491123113
ID_V5W6AZBTURWA,433.72409339516736
ID_L6E0GOTVHSCD,445.0976960355002
ID_Q95BUWXK8RM3,265.64306373377843
ID_5TLXCFLTYF1F,412.89250141125336
ID_GLBHSYJG9S5B,764.6480888874836
ID_3X3YHRC7IIN9,495.0214836085409
ID_5H724YS64665,670.6569918705035
ID_U4Z5RN88FCZM,502.86547332331725
ID_05TGZGOMI6MF,421.14458420100925
ID_0GCZV8RUSZK6,348.8623545802261
ID_UV06K1FM1SB5,425.24485268260685
ID_RCJZ3PORBWFV,199.74400732864828
ID_W1NL5CU9VHQS,415.6736202413924
ID_2WIYFQHMJPYD,633.0879807064644
ID_BFFULEU6PVQ9,220.1566173788499
ID_JN31K11BXQ0E,351.6700414561773
ID_DS40FHVR9R7F,340.7613982003199
ID_DNOT9DTVZ6MQ,608.7279414858837
ID_Z58PO8MMX8YV,555.9949263394795
ID_NEYMBJKFHN1X,432.66846854308056
ID_RND7MNSA6LWV,367.82677349493656
ID_U407VXC7F9NZ,322.8279360205104
ID_ES753BBA75GB,264.5513488456261
ID_APRL4BTWWRW9,325.2525368039545
ID_S909ZPBZ39II,332.0378334478316
ID_YYFP9SWEV0U5,982.0133565476002
ID_25EBTESPBHGZ,599.4145181405777
ID_W0W8TG7XRWE3,308.6756530366741
ID_0FU2BPIOTMVD,537.6535367831221
ID_OF817VW3STNX,454.0394922365239
ID_7QATIJ9YSL1K,974.139246946211
ID_LBPW7URC7BBW,443.8231722531937
ID_7WYQ81JCM9V3,225.86364288751537
ID_JGSVOGVN6522,533.0530935697748
ID_TOUB2GY1ZHXT,508.9930729546486
ID_9AJCTSUQG7FZ,483.3939162270177
ID_VKOZPEUVSDI8,583.9326959846517
ID_UG5GQ68S58OW,443.65068096927604
ID_4RB8XK2ZB1IR,570.4120164399985
ID_Z3P4T6K6P2ED,272.6686938877891
ID_VUGTKX63R5P0,417.0642693318036
ID_XMF3Q64FMLBK,436.29962884150495
ID_DTWCZ9G9C8WD,756.0529267156154
ID_0MNYHJUPIOIT,305.4662568071306
ID_ZGAL960JTO3R,550.5684680050211
ID_PK835TJNER3I,545.0015444010636
ID_KVGPYMSHB2WJ,306.8510139924565
ID_OWIQYP0I1HGW,755.4187752297287
ID_7RS2XDILJLBL,401.621852874746
ID_EDCLK08NMF0N,432.3460022613854
ID_97Y87C3ANP5B,279.0876202909963
ID_D3SKVOTTB4KQ,338.5202588742078
ID_APFVFYM11UU0,967.5661659012542
ID_TAIVU9LHBYZ8,439.3590508500657
ID_NTR94XDRQIHZ,282.47603333290954
ID_8QCOFS2HXOJQ,416.85115397386784
ID_7ZZVZZH08UWF,440.0000571383697
ID_9NGVV4V11YU2,388.2746580660373
ID_5G8RKC18KLXV,481.8573548145266
ID_BSVRMHEKDQKD,456.9956850555994
ID_6Z12209FUIAT,545.7333606290601
ID_IRBHYP3G7UXU,323.398676685875
ID_9PH4KNPDDVWS,695.4702361137014
ID_S4G0N1TJEDUG,334.9070745168815
ID_OP7NSDQGR6AE,173.9753602247818
ID_32RIU94UJDHI,949.0202114454158
ID_85WKQYHE0W5H,627.206762312114
ID_2T4I23J42NUP,420.788039787753
ID_LOJZM912S2TH,521.9676034999757
ID_FQAR45VD4PQ5,636.0573715385566
ID_RA4Y3ZL70BWO,909.2822780254515
ID_UH3QT7I1O24Q,256.878573660562
ID_P9OZQ56CX2YO,431.6168642318453
ID_RB24VMV9FIGM,403.34484962370897
ID_XECRIM8DR00Z,814.3786538524591
ID_EYIQ79MA3T5E,604.2267169150526
ID_B0QBM2S1R9S7,298.01602074717255
ID_1L74BG9P0TKX,543.6629019855651
ID_141KG0TOOCJ6,592.8377905636844
ID_IMKLSNJKVI4P,309.77220373657894
ID_253P6J7D92PW,413.6078064912359
ID_PCC17RCZX06S,323.62611135020836
ID_7MUPVDZE1ZWB,814.3223859948038
ID_O994OZU1NP7E,449.42092938633004
ID_RFVKSMVILY31,477.1625844955082
ID_MTR7TTJ5LSBE,289.94035456859467
ID_87QM8DS5HSU7,726.3502356382578
ID_8KXPBLV53NZK,434.079118779296
ID_LQVS4LC3YRMB,507.50440633651584
ID_ISVACTKT5MAA,371.8137180723052
ID_C64B9DUNSCM1,256.1284944701575
ID_ZXAE37OWUMFI,410.16193918272967
ID_L7Y4MKY66OSL,603.9718769661087
ID_TZ1FUOUR0Y8X,714.3626232588676
ID_D7HMR45HU1ZW,396.77306976188606
ID_UCZXI2H7S2YD,279.0664416068505
ID_7TU75PUQP312,1076.882903081776
ID_4ULCEP364DAF,437.2529583230465
ID_8EOY07K5LOC4,343.3414046580616
ID_NK47MAUWJ8Z5,229.85068426108592
ID_8ZCGIWU6GZLO,327.6905866240876
ID_SNIWSZ237UOD,310.78570233805453
ID_7LDSCZ2OPT0K,440.41155483932766
ID_TK2TH4JSJ1KB,310.8117908684311
ID_UUXFZKSR58SC,374.23545339640987
ID_EVACECC6XIW9,947.0371589285706
ID_U2LSES0Y4I3C,857.62125127964
ID_NEGU2TDNC4Y0,289.3815570562864
ID_WCBHSOBP51H1,293.8993319145207
ID_SVRQ4NGZFMMP,670.3338077227187
ID_5TBBUKHYJ1KI,478.3333942702369
ID_4AOR8R30LNOD,399.81853226117835
ID_5XOUKBLNO7AC,476.96216074489297
ID_IQZTM1J018FS,572.0274334270324
ID_Q9VXX3O6IZOD,339.1964420691232
ID_HTEQD0S6QIB8,313.7712797054598
ID_0GFT8KE7O9RP,758.1159095431256
ID_SHFI8L6O4DQ3,543.5521535558696
ID_64MUBP88ECF6,410.456056420925
ID_EHYBYH7QLOSL,298.6719053515615
ID_GTGEI6PS93QJ,698.5857543745445
ID_TL9C9OJ8G68U,279.0664416068505
ID_SM1GWL52K1F8,385.5961109795053
ID_DZW8R8ONEU66,368.8211611920286
ID_HBDA4P8811S8,599.5325693767091
ID_CJQOTSL074N8,460.9878773659302
ID_KZ0X60V9XQIG,1079.7821954766896
ID_0TWFZTV06NYT,455.75749856182074
ID_PVJN35A46C0K,581.3483265261117
ID_D732BOTXBLSI,410.0388571572546
ID_342GB00NU2X8,313.5965910056632
ID_AQUL5HCLWJPM,821.4622682532089
ID_VU3938I1G9Z0,531.408556841234
ID_Y2ZY2HDPU6PE,441.8423827409902
ID_SJD77GLF5ZFJ,547.0849388728396
ID_3T35R9QJBF2M,387.5126422523258
ID_NQUTMXXK59YN,709.6552080108946
ID_SV7AFMBC72LB,173.16162163306785
ID_PAPK30H37SIW,636.1374494609445
ID_URRQOVPPCBQ4,271.57205763608255
ID_CQPXYYK4KGB7,341.01369301973494
ID_RJIJXF4OS4RL,140.9456335581558
ID_APUXW8HC4K6B,713.6411409401318
ID_61Q9C9GGPHDI,829.4853859556666
ID_ZWZRMNC7OOCV,317.98777894278675
ID_IYKX7HR08L6A,240.9636120707364
ID_AIG281L5ZHU8,275.5107200075769
ID_NHUOZPKIO0BR,361.37230537626806
ID_LLYN4K7KIT4R,453.2682625305627
ID_0TSE5OLEV8WK,371.02545387088713
ID_H992DU9HM8DQ,278.8897637282108
ID_UK0CBXPBQ5RY,760.7490158370784
ID_RDPY3EBXFJ5O,748.8279547180977
ID_5L97TY473GY5,851.663680020458
ID_5B1X9MC1IFX0,476.984234387269
ID_ECWVAC40SNWB,898.164003906528
ID_OE87AT5TAUEI,999.98115927676
ID_XR12GEBM8H2K,749.7370667924276
ID_LJ2AP4BNL25Y,514.1798983546585
ID_LH311ABG9XDL,325.9198575941599
ID_HXONOBB4HD6T,1089.6316178652935
ID_7AOOKABBB6N8,776.8493141926891
ID_Z17C9TLMF1MJ,294.4988958772508
ID_3PUBL95YQ1AF,605.2374669679284
ID_3RUIBILNO5TH,177.0031542412522
ID_9VMYZE08M98X,606.6078821032029
ID_6SDJYMNC1T2Z,229.4288593744247
ID_61DT371A8JKT,313.6545528173918
ID_R51LYLFQUFIL,496.3807695688559
ID_MJYLQ159US1Y,684.2547919541788
ID_QQHLY17D6RBD,950.6494252520112
ID_Y84JBGTU3NGV,545.7807435850661
ID_V8BHOZICY6IF,393.4270775274481
ID_DZ1R5TGC156F,573.5203671275295
ID_UQTR8CQ5LH50,829.0727798363231
ID_CK56LDNW1478,560.1111917479975
ID_QJGUBXWDDCRS,589.7327767925353
ID_H7YHR5OTSNS5,267.090718598565
ID_8FRJCZZGLIRC,537.3261983361824
ID_U29DLWFB48GG,371.538785432686
ID_W3OHI7MAVC24,296.3938259595624
ID_1ZY88AN5LZD4,513.5319125235694
ID_OC5EEB6B892L,571.4890176936502
ID_CMWPG2PIB75R,546.4839836685286
ID_NWEI411ITDHM,619.7139002782797
ID_G49PUGN2HFAD,317.935424078145
ID_GSNP1IEZEQBC,479.28823138780274
ID_GJUS6RREHQ81,786.9647052219657
ID_7F8MCGYBVNP9,359.8508209741122
ID_0L3CDZHQMEW6,560.2661420168179
ID_WWW8P7C0BWWD,323.00446305089355
ID_K5SN27S6ODNO,643.9320821318497
ID_UFYYFX1MOUMV,532.8749425224219
ID_D0724QR6ZQQF,1019.514032887492
ID_PMSOXFT4FYDW,681.6251471056216
ID_SO7VGCA3U32O,424.46617418665426
ID_FRF1EVPIL6HX,581.0182047070741
ID_82CBKU1NDJ0V,969.8906660302097
ID_RX8DANVXO123,388.2529412231542
ID_ILC9A9DN5G2Z,575.9940673035776
ID_2GDKRWUIWI9Y,169.2943628435865
ID_RBQ5VAV4DJ5G,654.1438285298954
ID_UOQYVR79LGBI,438.2821038283695
ID_K6AD8QUXXR6Y,245.50187894865653
ID_J342KZ43X2VJ,445.3298325483098
ID_XPEQ4HVRRQX3,1037.4833364904855
ID_AJUG34L464MU,489.6981476106389
ID_JF3KG0PYDKQF,1058.2390275982043
ID_L9Y3DAFA0E72,400.94647528600086
ID_E6BGEQJGO571,279.1555576820356
ID_SP088I6KHJYU,385.7970374878653
ID_044M7JJ7F7ZH,590.0263041649548
ID_FWCKHCWUI2ZA,399.5377373890957
ID_RYVNAORY2187,302.90472415549425
ID_AKABUF8B09YM,567.3223199769293
ID_S2JJQXZHA1AS,776.484569543567
ID_4QOOOG43P1EL,666.788707039007
ID_X7Y0DSAFDFLN,614.5055928979014
ID_HBHBHNCY4HVH,374.1705131109713
ID_BD6WGXMV0N9M,373.71230875723853
ID_L96Q9Y8ZKZ8E,1045.2535320784389
ID_THWRW6UMVR43,325.1194538348557
ID_BORVFDCCKT0H,568.0863139966189
ID_2L25K22ZLQPZ,367.97356531345275
ID_YUL27A9GYMND,428.89060392531235
ID_8MKACM85VSCS,1077.47904421978
ID_4060CUEUW7HI,387.3121329372094
ID_Q0SM7VK3YP8B,249.54101738565438
ID_KFDMKLKS776M,458.5553366064965
ID_JFSU9KK3JSCO,937.9520636400302
ID_YDVQY6M9SDE1,365.0563396487825
ID_24UQHTEAU2MZ,516.9907076441557
ID_SGZSFYIOBIN2,480.6872851870301
ID_JNBPHXXIFBMH,383.94269319027586
ID_ZDH7Q9PB2ZFC,342.53304181160985
ID_Z8L5CROZXDD9,603.0982661652135
ID_BFWA63TCREXQ,321.81146515918863
ID_M3DHWRLA56N4,779.8939999026748
ID_7QNMKE9U82HO,662.3963986582947
ID_75A7EFD9RIO4,248.97430320297508
ID_ZGRBK42R4LAE,355.236876524868
ID_E69IMEJ5DN9Q,444.3676062835802
ID_9GU549TH7ZK3,734.0695262620496
ID_32IOWXYS1DUU,431.9940778298244
ID_055AL1ZL5ZQ3,226.98262032141025
ID_1D24WF1F56XL,308.43480948483494
ID_C8563RHWH4R1,407.2109859577366
ID_FWYXQF7RP0NA,526.4793685527951
ID_RUQF0NVO7GUP,219.25794305967224
ID_U51NJXF1ANRX,315.80939757620683
ID_52E5N2X6YPZC,415.6464615403815
ID_5605KFWD5KLI,503.6628938490325
ID_RP1T12JOZ0W5,447.40744253468364
ID_1NJF183VW7MV,219.91336945522235
ID_YBW0BLUZSB09,502.3134862571644
ID_EMWY1EBQA2OW,170.00715366496092
ID_PRZUQ2CC6YQL,581.2169836967283
ID_DR9MHVZLS2J3,220.66905161739436
ID_F9Z4KJ1ATXQX,344.13651317011414
ID_1IEQS1MMJVNU,796.1707857191211
ID_Y5OJFJ4ELKBO,1025.8676893840845
ID_OYZLWHPXC232,165.96918626043535
ID_RIJPB9ZK7QMJ,732.9243704063598
ID_5YLAHA1RPCLZ,453.24937521408197
ID_7YD43YGQEHAG,257.2156533831077
ID_Z2128MPPJH3I,345.2787766855543
ID_6E9C80EV7UVB,558.2029324029846
ID_V292OF4LJFY6,395.1291678914575
ID_GZWEN5J0753A,289.14360242379377
ID_DZJI74TH27S2,600.8472953456217
ID_VB20G3017OT3,839.0122511885032
ID_PFR5TR9NSJ44,781.169118880132
ID_CGEMGXF9GKAN,536.7461772978187
ID_UQN5YELSPFW4,577.714914773081
ID_9KQ04PBVJQ2Z,547.644632755487
ID_4XS5DB6R0W1W,1059.473478828235
ID_0LIP6T5ZSM47,541.5155460792574
ID_EKT3T87PW61E,409.53823947305193
ID_8APYWALBVJJG,468.70892425827697
ID_IZNAGRDXI416,563.2113855788374
ID_O8JW768V2WBT,640.6801708689428
ID_QB1EGGOG4PKU,360.2115373155615
ID_QL474TRJZ4KT,317.935424078145
ID_JS00JMA9OC55,258.02908530585256
ID_KX93WT2WM8KI,392.70980809260413
ID_88T4KAWBOXD2,579.9921668843331
ID_AYEXJ449FHYB,280.64963819783065
ID_WAMWUG0WHB97,623.914808985138
ID_MNSBZZRLVYAB,469.2463171486466
ID_NIO4I0V8DWYJ,222.31574801460368
ID_NIZWE5DL0ZEP,541.8031619931529
ID_9NCKQGLK3SD9,400.1166178214654
ID_5OSGLVZW9D29,658.8801795660685
ID_6XPJZR8ZCIC2,313.9669807993429
ID_IY0SP642OW24,588.0288444368838
ID_RIYH64Y97QRK,425.0614469361536
ID_XSP6B48LKWT8,642.882869618941
ID_W753O33BW3BB,436.8368003352322
ID_RWJ0XTITY982,1133.561307677545
ID_EUEIBIX6TBO2,329.30368728828626
ID_WH5AACW8DNG9,296.19072907102725
ID_NKCHBHQGHFQJ,414.49522443125096
ID_55LF7DAPVUM9,390.5458309115121
ID_QCVF1IC80H55,378.15008796367016
ID_TTYI3X4FHRSK,578.7328405098352
ID_FAVZ1A7JE66Y,333.68807116201214
ID_K3QDY7VQTJ4Z,343.08069345634647
ID_SXVSUXY5UZAB,299.49874227787785
ID_5K5QDTT6M6RR,417.09198603971333
ID_LVWYORSZVO3S,288.14546720966104
ID_6ECLIA2352NF,260.4839411801904
ID_W9B36B5RXLXB,897.8817361898208
ID_FBND5TKBJU4V,339.2805766621139
ID_IEG1EPIW3QJE,503.6628938490325
ID_XBAKEC3FGVOI,325.44384170898024
ID_YX1YSBJPV00F,287.84228606123224
ID_CNJ0199EZ0Z5,298.0153550315148
ID_9HZRXVLF8O7Q,379.7146545569615
ID_N8DOGSGMLEEF,356.2689617384066
ID_QTT6DFO6C20M,284.93009737417714
ID_84TIYB63GU2Q,251.89532240619926
ID_I13964DD6KTD,403.99270603353074
ID_31NJ27Y0VJFL,329.84647669924834
ID_SFCM114U57TL,288.98168273949017
ID_JO7PGDO0GSL6,456.9810715462432
ID_GL342CDVL9P5,353.05144517743065
ID_89HGYIT9L72K,452.95150885921674
ID_GMN55BKSKYR7,1148.5255358025659
ID_IPCZ9G8W2MEV,648.3668855858224
ID_YTTWCTKL25FS,601.0073503710273
ID_RXK77X7AJU1K,495.5927448045611
ID_7DF2UHVO2YDW,462.5288096660328
ID_S8ILQIMNR33S,667.6427119037518
ID_9CZKHNKM1I86,479.0060000681117
ID_QV0YP4S4M4EW,440.4998760787521
ID_6NW6LZZP4YSO,651.7514264789021
ID_11VV8EJUCW0H,1153.8620975669708
ID_12B9ODTQEDJP,643.2446092010305
ID_O9F0DSRI883S,347.7271884473198
ID_UGZM1YTX1O1E,776.484569543567
ID_K9QDUU90W0VF,534.3367331975227
ID_NSYRKSMPHBU1,539.9152439648694
ID_VTPNQBR81BM9,476.5854058271014
ID_39OMID9QCOG0,380.5465704115662
ID_1PEZ9AQEX5YZ,342.2040623852532
ID_KMV01O5FI1RE,266.14762743249975
ID_D8YY9UAL3DUU,838.6335233081827
ID_MK1LEGI0K09C,593.5438258405677
ID_SIGZ0JBXQGOV,281.76461302848213
ID_TVKRFN7WM03R,320.9573461555367
ID_0BEO9O1TBGD7,420.75329156424203
ID_0LAUIA0BNIC1,320.7936508020923
ID_J3ASN4NEHJWU,408.45533835105726
ID_E0C4Y5E20718,557.3292174233709
ID_42C9CZBA94GA,301.50035213594094
ID_YR8ZM2POXIMW,361.16174276141567
ID_CI5T4HTPFSD5,1172.3867665183518
ID_A43CG1H8ISRO,345.9245653448612
ID_3CEHUW3S0G0K,662.1492830153317
ID_TXB3AVJR817F,418.63576503545016
ID_EARHOHWMJBZN,611.4355345767283
ID_3VLU0ZG4HZCJ,367.93979476999124
ID_BXY0XWQ3PB64,556.7777684490255
ID_QRR9XFG9T842,600.8472953456217
ID_EUX6TSC8JHCM,402.6300732372706
ID_QFOI09YR3VXI,436.56808005524505
ID_YV25FQOXZ8MV,148.4758226604146
ID_7FQESEUZAD3Z,340.5772524596623
ID_CNWL7DTP3YX4,301.5301327359243
ID_T55BT4VODB0E,271.18148876953916
ID_RV1AQV8A2YO5,722.7279794872684
ID_4LD71OA2HWJA,413.95169393404416
ID_MURY55Z0UGAN,337.4863712674927
ID_N2FMG5146H3F,253.23604528910377
ID_UTINEMLC3YZ8,370.80679047127273
ID_2YV5CPEX8PQX,667.7742097821632
ID_G04CAJF9PJPJ,334.80960399542425
ID_VQQC20SF8PFA,320.1938979217175
ID_XLERVZJLB89L,409.3920399941639
ID_55VQDPWDVUJN,1041.5653419471153
ID_ZQ8CAFATMFQ4,267.3068199758104
ID_G0F3TN5NG6BH,312.88429287567317
ID_PF85WDFZ5SIC,345.86367496873925
ID_LPA096T2PA37,423.07991556164154
ID_TOJV71OD5IJA,423.68591288487005
ID_OC71Q8G1PU9X,552.2491776580089
ID_ALXWTRGLKYET,426.00362732126524
ID_L25QRS7Z1I48,453.25882602105224
ID_ZJX6UR06AOQN,272.20643658444794
ID_J18Z7G8MKNNW,662.1300575155834
ID_A1FRWN0WLOW3,476.0125374187344
ID_1WMN80LOMPYX,599.6303269282968
ID_PN8SLC70UAFU,427.97242392088225
ID_Y0VLNN9FFCDB,806.6912046871438
ID_KSNG2EHQWVN2,483.9720730348287
ID_6W3UCOWAIKFY,264.35981627765386
ID_SAMIPB6FVS35,686.2115855133126
ID_5XWLZR0M55MG,608.4916192402834
ID_XS38KEFXELD5,436.43648452232054
ID_59TDKRUHGJTU,386.23028712378124
ID_LA52IZ1MKC63,233.4336766616432
ID_HUS8E1K54UTE,494.7837096049221
ID_I13GK4NJXW16,801.0460686026622
ID_VNANLNWRQBB6,442.1691442017812
ID_S9RY48JU1EY7,714.4769320712871
ID_4STCBR16P9VP,674.6671614948536
ID_8975M70FEDGV,701.0495089185188
ID_DUBR80BZKU6Y,329.8509823471959
ID_MAEEJ3FRNXBQ,317.7451107457979
ID_H4AAIXVXUTIW,947.8265497321629
ID_9O8JMRL331Z1,302.89089705709137
ID_NGSCERQ2QDX4,323.3755357273899
ID_6LCF9GFNTUHP,394.0274917787939
ID_P1FUZAFI9H4Z,589.9878738103296
ID_98FVLR8JYSIK,669.9968651100274
ID_21Q3Q5YNLZZX,545.0015444010636
ID_PBBKRFRQIL4M,335.2627001461265
ID_XUQ4DJPJN922,427.2225654210816
ID_XN9SQO2E71Y5,322.15905729877
ID_16EL4RBE07V4,440.41155483932766
ID_J9A3XKAY092U,396.3472900470735
ID_SI3U6TVMFSLR,991.3653513282954
ID_MZPNEAO40UOF,524.2435701430852
ID_JMOP4XUA0I7Z,398.2623088065248
ID_3K7O1OS7SC87,558.9032801256034
ID_1FKKC1Y469H8,391.94575542665194
ID_KLWMKKI8XBMZ,376.53745385758646
ID_INV1UN5XSNO4,365.15983273612966
ID_FCP0ZRWKWL2B,441.12575563886094
ID_L7DSNSBA5RQQ,299.96550010463363
ID_SECEK6SG1NI8,1133.387866257688
ID_ZZH6SDGIBPVQ,579.897454198485
ID_NKCBC5AYF2O5,660.9721094164007
ID_HCUH5OSOLYNC,349.64509162481176
ID_P2YVKXAWU6J2,577.7574478178192
ID_H5DAKY1IT85H,729.6534151566472
ID_FN2NLEWDMB6D,336.96493646063277
ID_FQRTZI314E4V,1100.559652892799
ID_605VN4QHNIDI,389.2373371928616
ID_J9MMOAJFJ2J9,337.64568548922074
ID_2N51RJM7IWTE,458.647081927776
ID_G7LKS3J2NRV9,421.14585997153216
ID_B75HPYZV9PLR,628.7229269850985
ID_IJFSC215A8T5,259.08555788543777
ID_XUJ8JAS1QTG5,229.06316645363788
ID_OC29SB0GECK9,556.4682454971731
ID_0ZW1XY8NZ5AA,209.67663661201078
ID_XUYVTZH1U6V5,694.2461282258909
ID_TUQ7O8VZEO8Q,737.5302374558083
ID_XL5X7DAJMM1B,361.37230537626806
ID_6GOHOWR9UQEB,479.75036580873535
ID_OSG7JPS4CTQ6,485.4207293446149
ID_TYWY3ZJA2J5I,1062.3378148352515
ID_E8R8OU0PL6KU,596.7261929337392
ID_NVSZ1QLGBUT6,367.5615392776524
ID_B6DWB2FSMPKC,342.27210686783957
ID_P0UJZBSPVHUE,754.0389232898738
ID_O9LKW41W3CE6,254.36138893549816
ID_APVY0ZAA2T96,326.2404607748431
ID_DXH0G1YZBCCY,511.31227918196316
ID_50FMQ8VLWTYD,629.2211089656125
ID_MPXG6OFK28RA,723.6356403219709
ID_KO5Q9YHKSLDL,536.5670010269891
ID_5RN40WEWP1EL,612.1512481340095
ID_C22JIXZIZSL4,351.9340662447097
ID_9DQB1KQZBTV8,432.992799919513
ID_CQHWUNCL5PCX,372.089948144242
ID_J5OEXVDCNB0P,535.6897239795496
ID_RDH6HLOB2U92,324.32085297440506
ID_8TPHQ60JF6EX,413.3073006531402
ID_1PB93FWUQFQB,333.9254114184396
ID_3N976J1OGQLO,589.4834968936829
ID_7KUFT15M92QJ,384.00218841296345
ID_PCCPOOUSGB06,284.7142648194456
ID_3FRDNPVY5FNP,735.3793761143685
ID_BK9ZR4TDE7NZ,576.3590205208767
ID_OUWYLUIH2R51,424.3315543706113
ID_L5ZLQMRH6KKF,571.4340167299302
ID_Q4UW4DG55OJW,544.6677344502255
ID_OYF1ASPZJQNP,475.7068287728726
ID_GZUUS62OBWF1,709.3232215091132
ID_KKZDBKDWVPID,375.8403386293905
ID_YCYMKBL2CA1K,385.7970374878653
ID_KHTP23X20T5I,472.2112327901721
ID_PVCGOZWIYCRW,833.5598213432291
ID_32NAED58MFBN,649.7449466982142
ID_N20MRZDYH6K2,599.6546608870905
ID_DBTQY3BIX7K1,292.45026715490485
ID_VXHEQJCSAEGO,385.7970374878653
ID_1UBFDMDD35E0,332.7162747559446
ID_UTQLHUO15C6P,761.5614628911723
ID_KUQSQP4UEPNX,1052.9551626573286
ID_NG1BV8SLDLT6,321.9989053961326
ID_3WE5BFF4QQ07,348.25321799893504
ID_OJCKZSAW11FT,634.9319374098549
ID_01FMRJ8CZ1B9,282.62866896900914
ID_UFCY75JEV9LT,675.5363017084964
ID_2EZWQR6H2KMD,663.6696551315334
ID_VDBLFDMIL8NG,594.2128561603869
ID_AT56XBOIGQNE,623.3437358192119
ID_AXZDBVR3IUR6,338.83948547898865
ID_2TXCT78Y3PKC,344.4351459025985
ID_VR4Q2KY91Y7I,549.9747408098566
ID_EQO0B00UOJ18,402.19116621678006
ID_80IN0NOG3IGG,331.53544812848196
ID_52G244TD18XX,583.8691776982752
ID_VU2RGX6FV7SG,417.4140615751268
ID_L5TFK1K76NVV,330.1745519435378
ID_9CP641SBWCAY,184.89549780739998
ID_GCL2HBCVD3GT,434.70876824688474
ID_9TSTSM29ITZV,795.533409699534
ID_L9B0F5XY5C0Q,596.5467530756874
ID_CB1C6HBQXD06,386.6187436755493
ID_HKJ98YOILTWN,914.5544504305966
ID_5TPFAMIJT35T,667.0362979054771
ID_17C2BIFXGXAB,394.28038250569296
ID_ZY0FDD05Q344,344.3602952882033
ID_XXKL2UKB6T7P,684.6680856336832
ID_RMQ5T81PW81J,687.6787910916223
ID_I1KFYFIUMBBQ,456.4335667211975
ID_1C1WGJ4TLP0X,308.92183305659876
ID_E5OL8AHYNIRQ,553.4093664161632
ID_XKJ6NPCU23KQ,370.98863438504395
ID_H2LK19RTKLBN,311.73959098134026
ID_8SXD7K2XR4Y2,311.9270637627067
ID_R6PS7QO3TIP3,535.4188774664867
ID_7Z26WTZTG1EE,296.9577231356668
ID_NVW1KES21JE6,500.11652196683394
ID_KZQ5Q7QITN1J,687.6787910916223
ID_0GK554F5HSPQ,1068.2676694109805
ID_CA5E6O3YBPYR,310.25828585888735
ID_NTRTGR2IP7JQ,590.7562687650451
ID_062VNY633NVW,526.2993340639702
ID_465NN80WHNMI,353.45564372425326
ID_T52DNN3DYVA2,363.90418233522564
ID_CM0W1BO8Z7YV,415.75172112949457
ID_YV087R41HIW6,382.1895636922248
ID_VT6TAOGORN0T,814.3786538524591
ID_030L0XB0GEPB,308.6997485451432
ID_YECW50OR7NEH,334.59995455119537
ID_5W7NWNYH7DA2,264.8646793533261
ID_I2AKJ4TGA3JS,328.0306538741939
ID_LMSXY4W2OCHC,416.0368222549606
ID_W1EWJ1KHVFWL,625.1408503493954
ID_3ABZTY079K5J,991.6952631067269
ID_4PEE9P8ISN4T,903.2586059149163
ID_DZD2PTXBQ36C,267.4939238419222
ID_VRDCKGL60J4S,828.1234394569292
ID_W300Q133BITD,264.8761431474943
ID_BGPCJWWGLRAD,799.9825397492714
ID_2VD5AHGUA8FZ,331.48344078382974
ID_N2YHCFW8BCW1,341.2845168958569
ID_KD26RV3Q4Z8G,404.0331063426506
ID_B4L9RE7NMY7S,564.689298360809
ID_BN9X6GP81HB7,352.40271691494723
ID_Y6GNK64VJEAR,414.07853090494
ID_PE586K2WC823,267.0089251600289
ID_WL15S18OVHW9,783.720822605405
ID_5R6L97XFBM4P,514.6796560752256
ID_55YCU1CHAZYU,763.1173008195058
ID_WNGH3FP6KNWH,502.37238840620745
ID_9JR09YWTJIPX,618.238965264478
ID_870NP4IDB2WF,421.481430582405
ID_X6ZCELIES4N3,543.4517064177351
ID_S0Z4WELW3RKE,669.0489440442822
ID_I1M86V2XW3NU,484.8458203277551
ID_PR25E8LGMX5C,432.7394789168805
ID_5RGXU5KZER2O,462.8979001317456
ID_N3OWXZ0A4PQ2,435.99657683894384
ID_BUYPSV8J9VX4,643.2937520170792
ID_ZLJBGWFNKT3F,641.3182752100631
ID_E3U792EGWSOZ,221.35590613414723
ID_KQE4T2DIGF73,319.45157764532735
ID_FIOW6R8A6TD9,1129.277933525908
ID_6NHV395NXUMO,581.0182047070741
ID_DLLQTLGA5BZ7,285.21822282674566
ID_12090DS3ONFO,449.6763019114639
ID_84WRYZXSNB5W,371.538785432686
ID_5IHINMMQ33HN,532.0620124440782
ID_Q3TSBO3V5MV0,544.2797820555559
ID_ADC7FBDIRB67,415.547005751209
ID_YFVLB2MLINSA,510.1845977203991
ID_0M2B2IU08JHG,462.55066599915466
ID_V9K16K3JJ64W,225.05322239312446
ID_T0APDRNZ2PUP,669.7889725976787
ID_UD6Y4DW52N30,390.9554816736204
ID_CPN4N1LLQUYZ,308.5206533106988
ID_NBZ50NSHWKX4,439.37804241847164
ID_JOBTZIGNUJYW,256.878573660562
ID_QIXJYAUTNLGR,510.06842352495164
ID_AX9K1UFBM90G,266.02737953342125
ID_FDDURNIJQYRF,465.49559819801505
ID_LVNQ4RR7Z5M9,575.0690442275815
ID_UYQMXTUWGEX3,346.6958063051392
ID_GXYT79NRDUCC,331.68532006783096
ID_9GC9RL0156TI,443.784545487168
ID_65R1QHRZPXV4,305.07094958454957
ID_61D172EINVHM,324.1452433956889
ID_YTRIQ7CPL06G,283.5497307929914
ID_SWBH0D832EJH,472.8221693462411
ID_JI6G3OYFQJKY,386.6983201750035
ID_D2P1PLCDCW6C,669.5115964564326
ID_4HZATY2UQP7J,565.3647409052836
ID_I13HAXROQ8ZI,439.419590344581
ID_EBWZ4DITBMRT,516.4089093904433
ID_46V1XAD0HNM4,334.84438309834246
ID_7F0Y5BH75MA1,305.4662568071306
ID_8KDNAENIPD6O,337.6924510695326
ID_31557CM50TT0,286.3039461597783
ID_1H73ZV2DGAJS,552.3686741013004
ID_MQBQ7Y3DAME9,603.8796305084829
ID_FABZ5F40A430,691.8940704652059
ID_ARH65MSJKMXQ,319.05375723869395
ID_NZAYF5EC84XF,690.6241142612671
ID_8KTFQU943U8U,554.0336595586201
ID_HOOPMK98RDVW,501.3442794185075
ID_6NKRHFXDAL2W,308.6756530366741
ID_3Y0E2QZSY8BE,394.98818913719947
ID_7RBTQWOKF593,277.1453421090778
ID_G32EHA5H8KCH,188.40156697409094
ID_FP8GAONCAYON,316.24978176486275
ID_Q1YRG5JLSL51,647.2482113024953
ID_LUEHBMKN3WSS,432.26397345952176
ID_8CR2PDGM6RTS,534.6260789166788
ID_UISG39MBLWG7,442.82610331074056
ID_ZFX52PINM9TI,291.19607503191423
ID_AV8EYUEUUBVA,274.7981394978089
ID_LDK0UP6ZOTQS,568.3863578573832
ID_Y71AZZAYF00N,343.14746283158803
ID_IAA19P3EN9DF,322.6661883872596
ID_M8ZJ8397H56M,721.7235480970335
ID_2LVL6QWBY48W,780.3652245666933
ID_66A871THV43V,487.5247012409288
ID_K9CFTOS3JA2N,344.21365870372995
ID_SN7U1P14V2N3,457.15902655412503
ID_68RW49FF7NF2,456.6741225952454
ID_1BYE6Z8W58NR,412.67108660585575
ID_DGIYN4VXFWW3,342.9132549764727
ID_I13X0T9TWG4N,497.66342539084064
ID_7HE2NP9ZDI7E,458.5662065966733
ID_PKX1BWJLKKF1,416.9987546878211
ID_FGCBRPH417HI,357.58414634788204
ID_XZHCQ2UL7EQB,684.1231218415129
ID_3F60G7BTKL3E,429.242215183707
ID_X8UKDAZNQLE5,271.18148876953916
ID_WF21DZJQ0MEZ,418.42537667685986
ID_2JORBK01S76Z,363.57562603315756
ID_N40FQ79VCRBZ,370.26745655678087
ID_GTLFKV861ATM,416.50240039152266
ID_27Y0YW3K0RMP,426.7405300795996
ID_WV5M56G6J46P,331.7888922313609
ID_2A6AX6F5M2R3,332.1950669841031
ID_O1WA343Z0Y3Q,383.055937261184
ID_5RO8TLZHVZ4U,445.2611343263883
ID_WNL0HEE8FNAX,599.8586686275593
ID_KRAHFXWUE34U,544.6236821679214
ID_B0BZ87T7Z4G1,465.0783160964278
ID_EF8RZ2A57MOF,346.91239474651195
ID_CKZAYHVYDNOH,322.9210115388838
ID_24T2915PUUBL,554.8347617737562
ID_9N44D14F4Z9S,816.9953129428035
ID_4QI2PK16L4W8,259.6183213712163
ID_5GSE1ZV2KZ36,364.547962727679
ID_30MYYJ3CGU71,310.1153778503599
ID_R0ZZ2K2C4IFQ,343.96692502940067
ID_SRSO7ZIVRHMS,391.94575542665194
ID_ADMXQ913LY99,321.0949345002092
ID_PS7YQR14G3Y3,736.1407743115454
ID_MZEO9V8999MJ,1147.83135108892
ID_LUGALDGQDU2C,361.4024356112169
ID_6E0LFWNRDDBC,449.60009171320706
ID_BH392O5O9YIJ,331.3319685521818
ID_VP4R17PGR7PT,608.2313878902092
ID_Z584MTBFZM57,256.878573660562
ID_FMP63TJMIYD2,316.4643441985454
ID_0VVXHZNBFV7K,508.0635722536924
ID_R3G02LS8GNA9,386.23028712378124
ID_Y3HXNR6C9VPN,381.26530631333094
ID_P2EI5WTDARVB,440.73300194210515
ID_J81U1U9GRXMM,323.01560681265653
ID_RUJ2JWO1H36Q,886.1576765093716
ID_D7KZIKGDA5TC,403.99270603353074
ID_IXZVPO7I6GFT,812.0315310638476
ID_DYEIPGE8LAWB,982.2910356477968
ID_YFXPGWLIF1JG,449.8328301719797
ID_M06RJHKBWY49,403.165539783356
ID_9AQXDJAJZEKV,493.9407655060181
ID_W8K9BX9LC95X,680.3785861153711
ID_QI5ZUDAWIO6B,441.0827384809389
ID_UAUMCZMYYG50,538.4928215195247
ID_MB0FWEMQZIS3,356.3727540469644
ID_I3VLDTUXI8OU,589.6827192597044
ID_FL43EATDHM0N,405.38216301545924
ID_F8IKOUJWBLAS,393.72702181598584
ID_MY6O19NPIVK6,708.7672539899919
ID_XIRL5AT0PRFF,374.3254651730589
ID_V770RBDE6Q4Y,465.0824071871306
ID_0PZHH6TLV3CA,317.99276237890535
ID_VWY9TZXSBA2I,727.710305534383
ID_0IMHIJVZNH4F,454.53290930209386
ID_J9R0XLLUEYV5,583.7196141361984
ID_SXO3TLUQS06B,390.0109603134788
ID_IIFWSOZJ87T8,355.07249672739874
ID_003IQ6P16IU6,617.1857096139003
ID_8A4XDDFF9KES,639.0469431075617
ID_ZADQ4EOPXZ5X,620.5447008656932
ID_T3BJIT95VAK6,584.3177957115628
ID_9JBVPAY5SWE5,370.0766582231242
ID_H69MYTOAOWGW,1150.546511789858
ID_KX131MVNIQYK,353.04825026428944
ID_9TBIA2TY51SN,344.71910644501105
ID_LSJ9Z973V7HY,329.7662193542769
ID_1V7154B52Q1R,600.2297301426868
ID_61T1B66LGY96,636.169772160938
ID_6OMUQ7RGG9PB,274.902463275993
ID_UOP0YIGOD0C9,614.6039510086655
ID_FUEPC3I8AGM6,319.2007164855237
ID_9DZ2XHHCILE0,370.11275259501986
ID_K31RQKN5YZGQ,196.83294680451317
ID_5ONQKXWCPAYW,332.2720244241915
ID_WTFWWIHRP8QJ,260.39592582860723
ID_1DB4QAC6FY9E,271.3731032502876
ID_JTN33DQWNP8S,340.61964630524733
ID_URGC9CNXA7X5,338.52698485705673
ID_TLCVMIUVHIDA,585.4248469672812
ID_TUK3UTUY685M,339.33970558907185
ID_C3CXY15NEROI,548.6939240016305
ID_HLKXLS0FWIO3,334.341251506466
ID_3KYOCLW494ZU,643.8644546898139
ID_ANAMG2154VTI,682.6751489583561
ID_RZYTYJZGW8V1,398.799379722799
ID_U0TE2JB46YOT,970.1048227457683
ID_033YEZI2YTMN,340.5543995486729
ID_M5MUL0OYJ521,349.5898574585607
ID_GLNNBNCO2ZJT,336.60768840341035
ID_5D0G39C74311,242.77730642920568
ID_76NPV6TK8935,444.3929848688407
ID_ZBDU7B15DZ06,619.7635999966766
ID_7ZY916L3IR3J,471.51537147034514
ID_NT49YSFTD1RL,267.041979700526
ID_JO5LMUSPDOE5,449.19529652777555
ID_20WSYTHON01Q,237.36959475620708
ID_29VL60799V4G,520.6722344862306
ID_LWOVH2BGMAXM,565.2890917269214
ID_U40UK9R0U769,661.8166522399059
ID_GLMWDVQ0ZBSS,450.54926537610197
ID_H9WPOE6GENMJ,456.27510400239333
ID_D777FHIP8F1R,577.6189241646895
ID_UE7JO485SVK6,222.74170298070624
ID_KMUR984JCI6C,314.0174334799101
ID_5UB63IBXG3O1,387.9557676216458
ID_IP1S04YTUGT1,710.0140265059614
ID_UJAKLBHMJ3YD,511.8082148356889
ID_W4V2VRY6V3ZG,286.6956135978693
ID_UPWIMZ9NKMFX,477.9382384511984
ID_TVYVXPBGSFUC,361.5298293985376
ID_8WEKEFRVWLHJ,566.4747983749688
ID_9RLCRH7Q0PXK,342.2130203891367
ID_02G01CVY8X2H,241.8218850022338
ID_KE5BLNSCOGKB,665.8199705190842
ID_9JNMULI0HP0P,602.3506139633903
ID_B8OSQ43TMBSR,454.6270068052299
ID_PZWWJKYN923K,638.4501424101104
ID_834BS53CZ6LC,447.49881295911564
ID_5BMWFG250JV4,567.7971122581002
ID_LM22RNI83BJM,594.5605209912244
ID_JQS59EY819HO,302.79884211382523
ID_E43X5ED6NLU1,372.9182783806231
ID_8UZSHKU5UT2V,683.0331816191112
ID_DJ50AHYEIPZ0,672.5487564365034
ID_R4NIIOESVN7T,628.2655016208735
ID_YKL207W57L0U,304.82087237198516
ID_12P6RU298F9N,734.973001728238
ID_IZ6WTP5Z17WN,669.2061638493483
ID_NZMFMBIC4FNF,287.3481965227512
ID_JLTDB0VTB0E7,347.01427370253043
ID_17SQTC2HLKAE,295.27497244875616
ID_I1X7CIDBKXZQ,293.8993319145207
ID_PSSACU4V0O6O,471.3395360369056
ID_V4HUIJ6F76SW,386.4336055857171
ID_8COHYHKML3JP,623.3437358192119
ID_JN4AX2B2C50G,252.046029030654
ID_TMJ0OO9Q2WOJ,1046.0177632771095
ID_C95LNL1M8H2N,525.8033984102444
ID_RVPLXJ5UWB6O,346.05333137368376
ID_TV9CCKV6IGN5,946.2075628445605
ID_K19V3I8YE12K,335.1831246639416
ID_KGXUKFH4Y7YO,479.9883979161476
ID_WJSH3NU9GIQB,152.6652031099837
ID_EQZ7H1WA78OS,288.3710380694131
ID_1MKAKRVW5T92,278.73652932809654
ID_PZFWOHDEYNGN,407.97603749120725
ID_725LTZ95U1E1,541.3622027618146
ID_THK0MEQMKDUT,987.9519909068733
ID_RTQ01NMMKXYA,467.0114717846089
ID_8B19FL2AJ194,233.9607893432334
ID_D6RNJ17OIWWY,607.4690095466549
ID_HUGK2Y59U7KJ,629.5306174242731
ID_KWIMK8AMZF5A,713.3833312995688
ID_UURMSVZDKKSF,577.7613721905105
ID_2R9G9PQSADOM,317.3245481974367
ID_BI9UDH99U450,230.0879656239057
ID_7ODW5MXTDNCG,504.1222556989897
ID_HWJ9WKS3IB5J,422.39972662853205
ID_JGO7PWMYOMUB,537.257350711296
ID_MCQSOIZ5BXGC,208.70971455764564
ID_J0X3K8DOSPYN,467.5169991887751
ID_VGQJ4WYJJBAT,384.41569457755077
ID_FHRVJDWVEWZK,502.5321724252395
ID_YFDZZ7FAT8H7,521.5070834717286
ID_ZW6ZATUAC5CC,446.28477168229364
ID_W0BWKL5E7PYH,779.6369091490265
ID_9DJGFL3PX533,443.52261011651825
ID_NYXDVDMQO20V,558.8982741137239
ID_J9R96PPZPO32,589.1759116545696
ID_03SHDKQD95XF,297.19156823343985
ID_9UYFG0NC9QTM,678.0182516099309
ID_PR26C0RSQ89H,741.7744584552917
ID_KOOC7HGDZA0H,592.1731298404002
ID_218WMH65G8WU,550.2124851646885
ID_PRAU2EMQM87U,376.103816185753
ID_D6ZOJRHT0A7H,434.7532532126931
ID_CITJ0RJ9ZAOC,615.899221782827
ID_TP5RXW7QXP2O,1282.7539733133099
ID_AZNDXJTYSGDF,449.8176363844588
ID_78WJNL0RRA6U,639.7596311521049
ID_TM6VWF7REIS6,951.4041411304405
ID_X3TVNO4XNHN5,560.939233129726
ID_3TDSR1D7HQ8T,571.5995247020389
ID_82ZSQZQGLY1Y,381.9282984413396
ID_8OKP01595X94,301.8164905495506
ID_2OKINRRT0XL1,1076.0923971752602
ID_DA98EJU0NT76,430.13623785768823
ID_V17R17KYCDG3,563.2278178548387
ID_OM42UEJQR618,284.25104935413924
ID_646D2KBLNLC2,294.7623991497758
ID_9RU7QWS0WIDP,610.3758438909197
ID_PFFCHUW5O67L,480.3787543641908
ID_ZSV9TC0UW5CK,392.6065290831508
ID_MSYLCULH22KD,580.03239633267
ID_6ZA9ROTCTCTY,433.22521803276163
ID_L0J7MCL12NR4,362.5623892926151
ID_SCDUXWEDL6C6,569.3726163717297
ID_7QHVYN5YJYAP,422.0393707335066
ID_AUT5E4W1IF34,836.1403082273363
ID_7JO0TQWT9W8K,348.8876979416888
ID_3UUBOUNG1CH8,271.57205763608255
ID_4Z5JFK9VF762,337.6569510649806
ID_3Z9LB1PGHP96,569.7020562300182
ID_D0X7IDGN74GR,492.76145619273944
ID_BBY6G4GET31C,1067.3723522107923
ID_PT5LBK4XRS89,543.6942962174674
ID_Z6A67N4N3KEJ,152.6652031099837
ID_Y6D7U7R1ULMA,304.4646159281473
ID_WQOUU960NDO4,211.28125610855048
ID_XC7PSRE6WWFP,309.3918052507145
ID_VF7NABSVT35U,550.1468444980553
ID_25MZL6HIS26M,719.4154349666018
ID_D86BC6U7FA2J,503.6486279804565
ID_F4KMTFROJWL2,385.69453014312273
ID_QK4YHF5UETBQ,364.3268553163001
ID_XPAHSEI49TYN,755.9769099451528
ID_69F6K475WX7V,267.22275623130054
ID_9WS9F7Z1CE3M,340.4515430770657
ID_XJC8VVXC9TBX,446.9939987561565
ID_CD5QDTLLZUPT,306.1566304535205
ID_O80J4RH6LVDS,724.8967843973752
ID_KWSKN3HTLPK2,306.8828761534166
ID_5SKHT6NDFHJR,287.77434173444414
ID_KPQYKBZGK6Q4,341.8257932602476
ID_866ACQHJ1632,347.94170968247096
ID_WX844ME5IT0M,329.96012289109706
ID_AWNJ1KEP1QK1,1046.18142772745
ID_16ZJ7XNWB9ES,567.1798693524371
ID_2NKYXQYFQQRX,373.20956115065655
ID_DDQYDSPF4BXY,547.8264089748634
ID_1KBQ8Z8QZOL3,453.35365943984925
ID_GJO67I9XF6AK,442.25765559990515
ID_PCOF5INSVXM2,418.48276153928754
ID_W5GMROHJ01RZ,344.3602952882033
ID_WD6GCHMOFFZK,340.7787561323455
ID_GF3NQ1FP4MXO,698.5146885111327
ID_FBQI3IPLIAAZ,416.0453732580896
ID_BKRCXGDJI2ZU,419.4820188268056
ID_WC5O6CA49JCT,335.2377325062351
ID_TC771F4NXFD3,491.40483845612107
ID_HQAI0KUSI7FX,688.0808430938953
ID_E22MKA5X1C38,379.3598573513472
ID_P4TXP8UNLQ5F,140.9456335581558
ID_7VFK2TR4EHCU,384.00218841296345
ID_XIMWJDO2J9S2,179.3426319058945
ID_1SFZQ86IVMCZ,623.3437358192119
ID_XNSVNT862EIR,793.5384899025609
ID_KEULJBL0QMMA,372.1078478594843
ID_GEAJ29CHENIM,526.8980714413933
ID_XDHNQQ1BMP4K,408.4822103520595
ID_ZG8Y74HTDSKI,208.52007741412822
ID_VUYOGM0KIABM,844.4988881314964
ID_U4XH4UTLQ5EO,311.3966134417336
ID_M1TT1PZJYQX3,731.3279364617764
ID_DO1SCI0NAS39,505.3114234756431
ID_PP2CV6NRSO3K,463.2209633782231
ID_6F4A688829M0,711.8078840295464
ID_67C7XJW5Z9AP,410.4637860541371
ID_G9GXUSA0IV0D,352.4109160384223
ID_0G0WQUKBXG47,364.49676980098457
ID_6EWF22XJX21H,618.872255991755
ID_UIL7S6F6IKE8,359.8508209741122
ID_O55OOUDQOKBE,987.3797664174346
ID_OKZW0FT04KAU,151.8670857951002
ID_5QCE458KP8MH,418.0606829326362
ID_K1MX59GNDLA3,693.308598577723
ID_XEAANBI4M6MP,587.0655828802435
ID_7K7V374NL5QU,299.2067434647156
ID_Q73O4J7PYNLD,696.1642258829207
ID_8X79S7L9FWUS,365.4939653726338
ID_M97TRZBEVI0V,282.19224005007436
ID_U9TU5QRVSIKV,398.7847236880512
ID_PQPZ0AVV5HTH,499.2648321242071
ID_1L6LU32N1HFC,266.2831462420261
ID_UBZ21YSSVE0A,469.44910144822694
ID_TFXFZIX00RA7,768.9467036587378
ID_32CMCT5XS364,732.9243704063598
ID_E95XC4DYH26Y,206.90190142625903
ID_S8ENYM45UWSC,1154.9854216346905
ID_PU514SH6TUVR,264.85975029107556
ID_RVEWUGCXQCNS,374.3153508611109
ID_BG6I25RU4JV3,673.2879432984283
ID_RNDBVA4NU0LW,391.0659839870123
ID_H1GVVG7EF7WE,344.74968088455375
ID_4VG5G0IN38WK,193.90372038879954
ID_LI1DHO8DO7WH,300.5014471966581
ID_K9IUCGCTABHD,424.73141130744517
ID_COWCI2PI2LF9,252.046029030654
ID_0QE8PUWQKHFZ,565.482437868107
ID_MT3EUT7AX265,428.772792716342
ID_T69R1A784TNY,834.4483007640906
ID_N4FRZ8SPSN61,359.5709025205377
ID_DFIMHTLXA82W,576.3394877147655
ID_BI4VNVU7JAXF,1089.0460277803638
ID_6C9EUI1CKTQY,730.2121921728329
ID_V7R0PZU27LD7,423.3760702961718
ID_NXHSZUCHTMO8,616.5448607165847
ID_PSSPKF9A2USI,619.4153083146072
ID_M9XZ0NNGCXJE,332.0390295579241
ID_3BJCEQIRMQTP,380.71664897305766
ID_EWS2TOD7IJZI,804.7223956831754
ID_4N61JMVTUKQ5,327.73223212273683
ID_B5NBU4COPYXW,389.0863616158074
ID_ZS7CIFJ5G37Q,1015.4898509951297
ID_X4E6NMBKJLQT,198.29441431717714
ID_1OH68E5CL3NC,691.6855032707776
ID_DNSUBE5MRZR8,819.5153861610169
ID_GHVXO83MCL6I,454.63674697352536
ID_CQ0FBB1L5EY3,494.50619457887734
ID_9PEPYSUTV8XP,676.7752292970697
ID_CH40371WNU45,335.39429183993855
ID_KREBTUJY9PUQ,358.035794885147
ID_AH2DHFW5Y7VZ,625.821565858498
ID_O2YSLD8B37UI,413.0480684470767
ID_CGJLQRDMQGPI,417.03259779509665
ID_ZIH4810LD2X4,381.19112194836345
ID_1GUQ67PJHO6G,267.041979700526
ID_YO7NKY9DFON2,812.2061152259008
ID_H8DG3XXT4R3S,438.6631772005194
ID_FD43UJOLYMFB,339.5725330189458
ID_BQ8JTW0GEMB4,485.72803664950703
ID_RA7TSCPF1HBL,468.48449418097454
ID_HMSUJ88077KV,405.2422832513593
ID_2K6CE567GZ7D,362.96668431449734
ID_J0UYQQWYJDJ3,638.0739258766856
ID_42YO171TPVHZ,701.889024942898
ID_KMFDQQYDBS4X,495.5927448045611
ID_EKKF7GLOX3SD,333.103102000508
ID_NA6TYX9PY21I,673.2490285006123
ID_PA459A9AES6D,1131.2739574303075
ID_ZHJ35MUIKDGT,509.278932878254
ID_2KS148FT28VY,640.7114342297174
ID_ZP3Y1EOLD1XT,398.40773607160344
ID_M202WZ18JHLM,497.65105940581515
ID_O3CUG423MY9H,1163.9884742923075
ID_JK4O5BTLDHTX,323.8407393717554
ID_69E0GNTDT1LF,1240.6855555093134
ID_RN3RLK50ETXN,402.16639801658437
ID_PJ3QBFDFCBUV,328.96118788744434
ID_WRU2ZQEZZA2A,820.1830251837417
ID_261VC80CL904,332.18271563644265
ID_3PR5200O44QG,811.4644706845082
ID_V315713I7M9M,472.43079425468335
ID_WCBVJ74XU15K,423.1900161543563
ID_ZXT4WUZLCMVH,355.59968223979746
ID_GDU9BX84VUVE,1068.6510324626995
ID_5JB3YMBM4T6O,324.12911731655385
ID_KBAPVR46VC22,623.3865451871085
ID_4IXICKTIPPLU,628.9708353969512
ID_AM94QK241VPE,1059.0907480121773
ID_W12HOWGGSMS8,268.0248838555547
ID_Q1G32KADTS51,259.9954821538135
ID_V3JIA4P4668B,626.2538593923848
ID_Y86K83ZPC3T4,400.9204068644207
ID_K6M588093ONJ,412.2964700500076
ID_8QKXNKEAI8U8,194.09878236510045
ID_X7PUGW9NI1FI,352.2527005912708
ID_VTIQSDY0X1FD,417.5790850865836
ID_4VC1K7FA4J17,275.3430075333547
ID_3GCDF7RV12BF,704.3390496987291
ID_PSLVQKNWEZ0N,349.2006035443779
ID_IGCX54TFOFX9,350.50533366754496
ID_1SZ0EPKMQJ3L,360.5844507833313
ID_RRLAI5EB891O,803.4508730950472
ID_ATRY9VIAPNBP,354.352441723343
ID_5LIP4CV5CHJ0,436.99219210162636
ID_ONHO680NIUHR,459.4489962416
ID_VTRB9ZYY4VI0,594.7597078688874
ID_JAE3UP8KOYFO,432.52394662842295
ID_I02Z7U56HMOO,397.57258849118716
ID_RFXD3G5UO06W,990.5834133268697
ID_1SQXKIK51IGW,308.8123293196385
ID_T5UXJ5RC7PUZ,569.3157212047296
ID_JM7G4MGZXPA4,401.7108739081659
ID_6FF2BX4HPOG7,329.9829807780867
ID_8UTWWHXEL9R5,592.5415235104398
ID_3YJH7Z2OWJED,678.701520712463
ID_4BVYTNKO9YLK,704.6159949739886
ID_KNDRB17VJJHN,309.6594340743851
ID_PL3IRYM11FGQ,603.0721597796316
ID_33QXHWS7FFUE,640.529095954483
ID_2J04B9UGSZMQ,657.0878964820774
ID_ZJV6QMH0E1S2,752.2933670736705
ID_3SY7ARGY3QVX,1184.6069329436707
ID_KIAVLFCA0QAB,285.394724483703
ID_Q4EJVPZEZXGI,481.4675822360503
ID_65605390LAS9,737.8935861804811
ID_Y104K9OC8UGE,671.0523161984097
ID_3K6WOEPF2FP8,641.5131501632972
ID_LS72BPM71SR7,390.1490772093698
ID_Y7TIOX2MBVN1,311.893649842955
ID_JM80BY34TODO,483.2492397522155
ID_2WAZFPTIJ1OA,385.7970374878653
ID_T9YY5C8C1CBO,516.7788177515073
ID_UPRSY14003PO,360.7241285519283
ID_7XOLQOXF8MQB,371.4251263429511
ID_I32E35Q5PL6J,696.9671825287231
ID_22FO3O040DBN,476.57628375712966
ID_2UXKSAJOCCUC,447.0486951611162
ID_5GUT0JCPY47C,602.5032704358828
ID_LID7SSDMXCW6,193.82523043821135
ID_WCWCOJH95NFM,257.4275736425021
ID_4DWQ8EGOZF76,372.8636577061976
ID_SJE53PFBNDY4,613.3758561526602
ID_MUP7H5EUQUYW,588.4315881274505
ID_2G8S8FICGX1F,577.0285532418912
ID_T6X2E4LGICKT,296.35034952497085
ID_2NBITHH2CMR2,693.5058608256434
ID_IXO2IO18FTPN,578.377981949375
ID_35RBHZZG2K9S,664.8961669440889
ID_5X3KT9OXDOCL,711.8267859124214
ID_EXX5T31QH9U4,592.263861654224
ID_LSZRIL56T47Z,538.49688389124
ID_5ALLBTPE63BZ,464.3953500453502
ID_ZRT3VO9XJTOJ,480.16960637859665
ID_IVZNV00VK1WF,251.89532240619926
ID_STJDVR9FV5ZK,726.7840285274542
ID_MUL2I0PV3WXF,412.9202328581206
ID_350HG62PKSV9,350.6122286898883
ID_CFU1OS0WRIF1,452.4655564747174
ID_E2X9RKRER7VN,419.54985550643573
ID_FAXPVHA3GBDX,707.3338882587923
ID_U20QSSM0WQCL,397.86632719973494
ID_8STN6IQK6GRH,146.46277217145288
ID_RRV0JV74KLEG,375.0551226813452
ID_SV90TJDKZDBO,1114.2276736242159
ID_VG3DNKAC70DB,514.7577632021562
ID_N6VEVLWM0JUZ,640.9472234065698
ID_R6EAOP7SKH4P,628.0255932656788
ID_WY1E27L1SF3F,562.765154430752
ID_S6Y3EIMQPINY,362.74738633834255
ID_C6FGW58XYOOC,227.9424622018667
ID_66ZQIE06VO23,765.9201272506892
ID_OQGZLQDASMAM,344.95091420583424
ID_O0VXS8F7E71M,329.712447982032
ID_RYWO2W04NGOQ,584.7006230062476
ID_UQJV4MFOR1M5,363.5281156169037
ID_4RF26BVNXYCE,826.4236320813357
ID_97BLKV6Q0HEL,1062.1923701368175
ID_UBBEFJS5I0QH,286.86862968315234
ID_1O85NFRVJWEG,451.70422786735884
ID_IMHZWDBK0ADL,324.45407118073024
ID_YP71ZG5HZP4L,572.9469782249682
ID_EQYXNVKPIZ8S,368.13864769785243
ID_IUMZ7HN2JIIN,575.8067805366936
ID_TEYADZ461KBT,556.0352494670971
ID_WBKUDZP701N9,507.06107518345226
ID_QREVEZ4H807A,272.8439106640707
ID_1FI6VLAJHF5I,763.8102615782033
ID_AGYQKZWO32LL,484.04607637070137
ID_2AWB54BA84ZT,426.09302246218675
ID_HT3K0J78M9RG,519.9211925213824
ID_1Y0O3Y0QYTJS,654.4661930556028
ID_ZKH62QGNMI1V,275.63092462498344
ID_BJVKX6P2LOVK,532.2908759595816
ID_RJG2AH2AUIN8,312.4645041853586
ID_C1YRVYTDHBCI,350.1973240190746
ID_1TJKPVFP9B3X,306.67171452718316
ID_ENTHBKNB4R99,459.50833232697573
ID_TY66I8PV70BN,246.63070944343553
ID_6MMECMX3B728,778.4717502531229
ID_GZ9YGWCLLMKN,354.7316783783814
ID_01YVA2LJVYBR,303.11453737744785
ID_YQRL2IOUU4SZ,394.0274917787939
ID_VAX2N8ELPEZE,286.95779127252933
